symptom,description,severityLevel,precautions
Fever,"A number of everyday factors like climate shifts, fatigue, or allergies may lead to Fever. Early attention helps recovery.",Mild,Rest properly and stay hydrated throughout the day. Go to a doctor if it does not reduce in 1-2 days.
Headache,"Headache can be linked to tiredness, digestive imbalance, or temporary internal irritation. Proper care usually improves the condition.",Mild,Drink warm fluids and avoid exposure to cold environments. Go to a doctor if it does not reduce in 1-2 days.
Migraine,"Migraine may arise from stress, poor nutrition, or viral illnesses. Monitoring symptoms can help in early understanding.",Moderate,"Avoid stress and rest your body until improvement is seen. If symptoms worsen, consult a doctor."
Cough,Sometimes Cough happens when the immune system is responding to minor infections or environmental factors.,Mild,Rest properly and stay hydrated throughout the day. Go to a doctor if it does not reduce in 1-2 days.
Dry Cough,"Dry Cough can appear due to infections, seasonal changes, or physical strain. It may interfere with daily comfort if not managed properly.",Mild,Drink warm fluids and avoid exposure to cold environments. Go to a doctor if it does not reduce in 1-2 days.
Wet Cough,"Wet Cough can appear due to infections, seasonal changes, or physical strain. It may interfere with daily comfort if not managed properly.",Mild,Avoid heavy foods and try to keep your body relaxed. Go to a doctor if it does not reduce in 1-2 days.
Cold,Sometimes Cold happens when the immune system is responding to minor infections or environmental factors.,Mild,Rest properly and stay hydrated throughout the day. Go to a doctor if it does not reduce in 1-2 days.
Sore Throat,"Sore Throat often develops because of irritation, lack of rest, or mild health disturbances. Identifying triggers helps in controlling it.",Mild,Avoid heavy foods and try to keep your body relaxed. Go to a doctor if it does not reduce in 1-2 days.
Runny Nose,Sometimes Runny Nose happens when the immune system is responding to minor infections or environmental factors.,Mild,Drink warm fluids and avoid exposure to cold environments. Go to a doctor if it does not reduce in 1-2 days.
Nasal Conggestion,"Nasal Conggestion may arise from stress, poor nutrition, or viral illnesses. Monitoring symptoms can help in early understanding.",Mild,Maintain a healthy routine and get enough sleep. Go to a doctor if it does not reduce in 1-2 days.
Sinus Pressure,"Sinus Pressure often develops because of irritation, lack of rest, or mild health disturbances. Identifying triggers helps in controlling it.",Mild,Maintain a healthy routine and get enough sleep. Go to a doctor if it does not reduce in 1-2 days.
Sinus Pain,Sometimes Sinus Pain happens when the immune system is responding to minor infections or environmental factors.,Mild,Avoid heavy foods and try to keep your body relaxed. Go to a doctor if it does not reduce in 1-2 days.
Chest Pain,"Chest Pain can be linked to tiredness, digestive imbalance, or temporary internal irritation. Proper care usually improves the condition.",Severe,"Keep calm, sit upright, and get medical help quickly. Consult a doctor immediately."
Chest Tightness,Sometimes Chest Tightness happens when the immune system is responding to minor infections or environmental factors.,Mild,Drink warm fluids and avoid exposure to cold environments. Go to a doctor if it does not reduce in 1-2 days.
Shortness of Breath,"Many people experience Shortness of Breath when their body reacts to inflammation, dehydration, or sudden lifestyle changes.",Severe,"Keep calm, sit upright, and get medical help quickly. Consult a doctor immediately."
Breathlessness,Sometimes Breathlessness happens when the immune system is responding to minor infections or environmental factors.,Mild,Drink warm fluids and avoid exposure to cold environments. Go to a doctor if it does not reduce in 1-2 days.
Fatigue,"Fatigue can be linked to tiredness, digestive imbalance, or temporary internal irritation. Proper care usually improves the condition.",Mild,Avoid heavy foods and try to keep your body relaxed. Go to a doctor if it does not reduce in 1-2 days.
Weakness,"Weakness can appear due to infections, seasonal changes, or physical strain. It may interfere with daily comfort if not managed properly.",Mild,Rest properly and stay hydrated throughout the day. Go to a doctor if it does not reduce in 1-2 days.
Body Ache,Sometimes Body Ache happens when the immune system is responding to minor infections or environmental factors.,Mild,Avoid heavy foods and try to keep your body relaxed. Go to a doctor if it does not reduce in 1-2 days.
Joint Pain,Sometimes Joint Pain happens when the immune system is responding to minor infections or environmental factors.,Mild,Rest properly and stay hydrated throughout the day. Go to a doctor if it does not reduce in 1-2 days.
Back Pain,"Back Pain can be linked to tiredness, digestive imbalance, or temporary internal irritation. Proper care usually improves the condition.",Mild,Drink warm fluids and avoid exposure to cold environments. Go to a doctor if it does not reduce in 1-2 days.
Neck Stiffness,Sometimes Neck Stiffness happens when the immune system is responding to minor infections or environmental factors.,Mild,Drink warm fluids and avoid exposure to cold environments. Go to a doctor if it does not reduce in 1-2 days.
Shoulder Pain,"Many people experience Shoulder Pain when their body reacts to inflammation, dehydration, or sudden lifestyle changes.",Mild,Drink warm fluids and avoid exposure to cold environments. Go to a doctor if it does not reduce in 1-2 days.
Knee Pain,"Knee Pain can appear due to infections, seasonal changes, or physical strain. It may interfere with daily comfort if not managed properly.",Mild,Maintain a healthy routine and get enough sleep. Go to a doctor if it does not reduce in 1-2 days.
Hip Pain,"Hip Pain often develops because of irritation, lack of rest, or mild health disturbances. Identifying triggers helps in controlling it.",Mild,Maintain a healthy routine and get enough sleep. Go to a doctor if it does not reduce in 1-2 days.
Abdominal Pain,"A number of everyday factors like climate shifts, fatigue, or allergies may lead to Abdominal Pain. Early attention helps recovery.",Mild,Rest properly and stay hydrated throughout the day. Go to a doctor if it does not reduce in 1-2 days.
Lower Abdominal Pain,"Lower Abdominal Pain can appear due to infections, seasonal changes, or physical strain. It may interfere with daily comfort if not managed properly.",Mild,Maintain a healthy routine and get enough sleep. Go to a doctor if it does not reduce in 1-2 days.
Upper Abdominal Pain,"Many people experience Upper Abdominal Pain when their body reacts to inflammation, dehydration, or sudden lifestyle changes.",Mild,Drink warm fluids and avoid exposure to cold environments. Go to a doctor if it does not reduce in 1-2 days.
Nausea,"A number of everyday factors like climate shifts, fatigue, or allergies may lead to Nausea. Early attention helps recovery.",Mild,Rest properly and stay hydrated throughout the day. Go to a doctor if it does not reduce in 1-2 days.
Vomiting,"Vomiting often develops because of irritation, lack of rest, or mild health disturbances. Identifying triggers helps in controlling it.",Moderate,"Avoid strenuous work and drink plenty of fluids. If symptoms worsen, consult a doctor."
Diarrhea,"Diarrhea often develops because of irritation, lack of rest, or mild health disturbances. Identifying triggers helps in controlling it.",Moderate,"Use doctor-prescribed medicines if the condition persists. If symptoms worsen, consult a doctor."
Constipation,Sometimes Constipation happens when the immune system is responding to minor infections or environmental factors.,Mild,Avoid heavy foods and try to keep your body relaxed. Go to a doctor if it does not reduce in 1-2 days.
Heartburn,"Heartburn can be linked to tiredness, digestive imbalance, or temporary internal irritation. Proper care usually improves the condition.",Mild,Drink warm fluids and avoid exposure to cold environments. Go to a doctor if it does not reduce in 1-2 days.
Acidity,Sometimes Acidity happens when the immune system is responding to minor infections or environmental factors.,Mild,Avoid heavy foods and try to keep your body relaxed. Go to a doctor if it does not reduce in 1-2 days.
Bloating,"Many people experience Bloating when their body reacts to inflammation, dehydration, or sudden lifestyle changes.",Mild,Avoid heavy foods and try to keep your body relaxed. Go to a doctor if it does not reduce in 1-2 days.
Gas,"A number of everyday factors like climate shifts, fatigue, or allergies may lead to Gas. Early attention helps recovery.",Mild,Drink warm fluids and avoid exposure to cold environments. Go to a doctor if it does not reduce in 1-2 days.
Indigestion,"Many people experience Indigestion when their body reacts to inflammation, dehydration, or sudden lifestyle changes.",Mild,Rest properly and stay hydrated throughout the day. Go to a doctor if it does not reduce in 1-2 days.
Loss of Appetite,"A number of everyday factors like climate shifts, fatigue, or allergies may lead to Loss of Appetite. Early attention helps recovery.",Mild,Maintain a healthy routine and get enough sleep. Go to a doctor if it does not reduce in 1-2 days.
Increased Appetite,"Increased Appetite can be linked to tiredness, digestive imbalance, or temporary internal irritation. Proper care usually improves the condition.",Mild,Drink warm fluids and avoid exposure to cold environments. Go to a doctor if it does not reduce in 1-2 days.
Unintended Weight Loss,"Unintended Weight Loss can be linked to tiredness, digestive imbalance, or temporary internal irritation. Proper care usually improves the condition.",Mild,Maintain a healthy routine and get enough sleep. Go to a doctor if it does not reduce in 1-2 days.
Unintended Weight Gain,"Many people experience Unintended Weight Gain when their body reacts to inflammation, dehydration, or sudden lifestyle changes.",Mild,Maintain a healthy routine and get enough sleep. Go to a doctor if it does not reduce in 1-2 days.
Dizziness,"Many people experience Dizziness when their body reacts to inflammation, dehydration, or sudden lifestyle changes.",Mild,Drink warm fluids and avoid exposure to cold environments. Go to a doctor if it does not reduce in 1-2 days.
Lightheadedness,"Lightheadedness can appear due to infections, seasonal changes, or physical strain. It may interfere with daily comfort if not managed properly.",Mild,Drink warm fluids and avoid exposure to cold environments. Go to a doctor if it does not reduce in 1-2 days.
Vertigo,"A number of everyday factors like climate shifts, fatigue, or allergies may lead to Vertigo. Early attention helps recovery.",Mild,Avoid heavy foods and try to keep your body relaxed. Go to a doctor if it does not reduce in 1-2 days.
Fainting,"Fainting can appear due to infections, seasonal changes, or physical strain. It may interfere with daily comfort if not managed properly.",Severe,Seek immediate medical assistance without delay. Consult a doctor immediately.
Excessive Sweating,"Excessive Sweating often develops because of irritation, lack of rest, or mild health disturbances. Identifying triggers helps in controlling it.",Mild,Maintain a healthy routine and get enough sleep. Go to a doctor if it does not reduce in 1-2 days.
Night Sweats,Sometimes Night Sweats happens when the immune system is responding to minor infections or environmental factors.,Mild,Rest properly and stay hydrated throughout the day. Go to a doctor if it does not reduce in 1-2 days.
Shivering,"Shivering often develops because of irritation, lack of rest, or mild health disturbances. Identifying triggers helps in controlling it.",Mild,Rest properly and stay hydrated throughout the day. Go to a doctor if it does not reduce in 1-2 days.
Chills,"Chills can appear due to infections, seasonal changes, or physical strain. It may interfere with daily comfort if not managed properly.",Mild,Maintain a healthy routine and get enough sleep. Go to a doctor if it does not reduce in 1-2 days.
High Blood Pressure,"High Blood Pressure may arise from stress, poor nutrition, or viral illnesses. Monitoring symptoms can help in early understanding.",Moderate,"Avoid strenuous work and drink plenty of fluids. If symptoms worsen, consult a doctor."
Low Blood Pressure,Sometimes Low Blood Pressure happens when the immune system is responding to minor infections or environmental factors.,Mild,Drink warm fluids and avoid exposure to cold environments. Go to a doctor if it does not reduce in 1-2 days.
Rapid Heart Rate,"Rapid Heart Rate can appear due to infections, seasonal changes, or physical strain. It may interfere with daily comfort if not managed properly.",Moderate,"Monitor your symptoms closely and reduce physical activity. If symptoms worsen, consult a doctor."
Slow Heart Rate,"Many people experience Slow Heart Rate when their body reacts to inflammation, dehydration, or sudden lifestyle changes.",Mild,Maintain a healthy routine and get enough sleep. Go to a doctor if it does not reduce in 1-2 days.
Palpitations,"Palpitations can be linked to tiredness, digestive imbalance, or temporary internal irritation. Proper care usually improves the condition.",Mild,Maintain a healthy routine and get enough sleep. Go to a doctor if it does not reduce in 1-2 days.
Hand Tremors,"Hand Tremors can appear due to infections, seasonal changes, or physical strain. It may interfere with daily comfort if not managed properly.",Mild,Rest properly and stay hydrated throughout the day. Go to a doctor if it does not reduce in 1-2 days.
Leg Tremors,"A number of everyday factors like climate shifts, fatigue, or allergies may lead to Leg Tremors. Early attention helps recovery.",Mild,Avoid heavy foods and try to keep your body relaxed. Go to a doctor if it does not reduce in 1-2 days.
Numbness,"Numbness may arise from stress, poor nutrition, or viral illnesses. Monitoring symptoms can help in early understanding.",Mild,Rest properly and stay hydrated throughout the day. Go to a doctor if it does not reduce in 1-2 days.
Tingling,Sometimes Tingling happens when the immune system is responding to minor infections or environmental factors.,Mild,Maintain a healthy routine and get enough sleep. Go to a doctor if it does not reduce in 1-2 days.
Pins and Needles,"Pins and Needles often develops because of irritation, lack of rest, or mild health disturbances. Identifying triggers helps in controlling it.",Mild,Drink warm fluids and avoid exposure to cold environments. Go to a doctor if it does not reduce in 1-2 days.
Muscle Spasm,"Muscle Spasm may arise from stress, poor nutrition, or viral illnesses. Monitoring symptoms can help in early understanding.",Mild,Rest properly and stay hydrated throughout the day. Go to a doctor if it does not reduce in 1-2 days.
Muscle Cramps,"Many people experience Muscle Cramps when their body reacts to inflammation, dehydration, or sudden lifestyle changes.",Mild,Drink warm fluids and avoid exposure to cold environments. Go to a doctor if it does not reduce in 1-2 days.
Muscle Weakness,"Muscle Weakness often develops because of irritation, lack of rest, or mild health disturbances. Identifying triggers helps in controlling it.",Mild,Maintain a healthy routine and get enough sleep. Go to a doctor if it does not reduce in 1-2 days.
Skin Rash,"Skin Rash can appear due to infections, seasonal changes, or physical strain. It may interfere with daily comfort if not managed properly.",Mild,Drink warm fluids and avoid exposure to cold environments. Go to a doctor if it does not reduce in 1-2 days.
Itching,Sometimes Itching happens when the immune system is responding to minor infections or environmental factors.,Mild,Drink warm fluids and avoid exposure to cold environments. Go to a doctor if it does not reduce in 1-2 days.
Dry Skin,"Many people experience Dry Skin when their body reacts to inflammation, dehydration, or sudden lifestyle changes.",Mild,Maintain a healthy routine and get enough sleep. Go to a doctor if it does not reduce in 1-2 days.
Oily Skin,"Oily Skin may arise from stress, poor nutrition, or viral illnesses. Monitoring symptoms can help in early understanding.",Mild,Avoid heavy foods and try to keep your body relaxed. Go to a doctor if it does not reduce in 1-2 days.
Red Eyes,"Red Eyes may arise from stress, poor nutrition, or viral illnesses. Monitoring symptoms can help in early understanding.",Mild,Avoid heavy foods and try to keep your body relaxed. Go to a doctor if it does not reduce in 1-2 days.
Dry Eyes,"Dry Eyes may arise from stress, poor nutrition, or viral illnesses. Monitoring symptoms can help in early understanding.",Mild,Maintain a healthy routine and get enough sleep. Go to a doctor if it does not reduce in 1-2 days.
Watery Eyes,"Watery Eyes can appear due to infections, seasonal changes, or physical strain. It may interfere with daily comfort if not managed properly.",Mild,Avoid heavy foods and try to keep your body relaxed. Go to a doctor if it does not reduce in 1-2 days.
Blurred Vision,"Blurred Vision may arise from stress, poor nutrition, or viral illnesses. Monitoring symptoms can help in early understanding.",Mild,Avoid heavy foods and try to keep your body relaxed. Go to a doctor if it does not reduce in 1-2 days.
Double Vision,"Many people experience Double Vision when their body reacts to inflammation, dehydration, or sudden lifestyle changes.",Mild,Rest properly and stay hydrated throughout the day. Go to a doctor if it does not reduce in 1-2 days.
Eye Pain,"A number of everyday factors like climate shifts, fatigue, or allergies may lead to Eye Pain. Early attention helps recovery.",Mild,Avoid heavy foods and try to keep your body relaxed. Go to a doctor if it does not reduce in 1-2 days.
Eye Irritation,"A number of everyday factors like climate shifts, fatigue, or allergies may lead to Eye Irritation. Early attention helps recovery.",Mild,Drink warm fluids and avoid exposure to cold environments. Go to a doctor if it does not reduce in 1-2 days.
Ear Pain,"Ear Pain often develops because of irritation, lack of rest, or mild health disturbances. Identifying triggers helps in controlling it.",Mild,Avoid heavy foods and try to keep your body relaxed. Go to a doctor if it does not reduce in 1-2 days.
Hearing Loss,Sometimes Hearing Loss happens when the immune system is responding to minor infections or environmental factors.,Mild,Rest properly and stay hydrated throughout the day. Go to a doctor if it does not reduce in 1-2 days.
Tinnitus,"Many people experience Tinnitus when their body reacts to inflammation, dehydration, or sudden lifestyle changes.",Mild,Rest properly and stay hydrated throughout the day. Go to a doctor if it does not reduce in 1-2 days.
Toothache,"Many people experience Toothache when their body reacts to inflammation, dehydration, or sudden lifestyle changes.",Mild,Drink warm fluids and avoid exposure to cold environments. Go to a doctor if it does not reduce in 1-2 days.
Bleeding Gums,"Bleeding Gums often develops because of irritation, lack of rest, or mild health disturbances. Identifying triggers helps in controlling it.",Mild,Rest properly and stay hydrated throughout the day. Go to a doctor if it does not reduce in 1-2 days.
Mouth Ulcers,Sometimes Mouth Ulcers happens when the immune system is responding to minor infections or environmental factors.,Mild,Maintain a healthy routine and get enough sleep. Go to a doctor if it does not reduce in 1-2 days.
Burning Mouth,"Many people experience Burning Mouth when their body reacts to inflammation, dehydration, or sudden lifestyle changes.",Mild,Rest properly and stay hydrated throughout the day. Go to a doctor if it does not reduce in 1-2 days.
Difficulty Swallowing,Sometimes Difficulty Swallowing happens when the immune system is responding to minor infections or environmental factors.,Mild,Maintain a healthy routine and get enough sleep. Go to a doctor if it does not reduce in 1-2 days.
Hoarse Voice,"Hoarse Voice can appear due to infections, seasonal changes, or physical strain. It may interfere with daily comfort if not managed properly.",Mild,Rest properly and stay hydrated throughout the day. Go to a doctor if it does not reduce in 1-2 days.
Throat Swelling,"Throat Swelling may arise from stress, poor nutrition, or viral illnesses. Monitoring symptoms can help in early understanding.",Severe,Avoid physical exertion and call emergency support. Consult a doctor immediately.
Chest Burning,"Many people experience Chest Burning when their body reacts to inflammation, dehydration, or sudden lifestyle changes.",Mild,Maintain a healthy routine and get enough sleep. Go to a doctor if it does not reduce in 1-2 days.
Dry Mouth,"Many people experience Dry Mouth when their body reacts to inflammation, dehydration, or sudden lifestyle changes.",Mild,Drink warm fluids and avoid exposure to cold environments. Go to a doctor if it does not reduce in 1-2 days.
Excessive Thirst,"Excessive Thirst often develops because of irritation, lack of rest, or mild health disturbances. Identifying triggers helps in controlling it.",Mild,Maintain a healthy routine and get enough sleep. Go to a doctor if it does not reduce in 1-2 days.
Dehydration,"Dehydration can be linked to tiredness, digestive imbalance, or temporary internal irritation. Proper care usually improves the condition.",Mild,Drink warm fluids and avoid exposure to cold environments. Go to a doctor if it does not reduce in 1-2 days.
Frequent Urination,"Frequent Urination can appear due to infections, seasonal changes, or physical strain. It may interfere with daily comfort if not managed properly.",Mild,Avoid heavy foods and try to keep your body relaxed. Go to a doctor if it does not reduce in 1-2 days.
Burning Urination,"A number of everyday factors like climate shifts, fatigue, or allergies may lead to Burning Urination. Early attention helps recovery.",Mild,Maintain a healthy routine and get enough sleep. Go to a doctor if it does not reduce in 1-2 days.
Blood in Urine,Sometimes Blood in Urine happens when the immune system is responding to minor infections or environmental factors.,Severe,Seek immediate medical assistance without delay. Consult a doctor immediately.
Dark Urine,"Dark Urine can appear due to infections, seasonal changes, or physical strain. It may interfere with daily comfort if not managed properly.",Mild,Maintain a healthy routine and get enough sleep. Go to a doctor if it does not reduce in 1-2 days.
Yellow Skin,"Yellow Skin can be linked to tiredness, digestive imbalance, or temporary internal irritation. Proper care usually improves the condition.",Mild,Rest properly and stay hydrated throughout the day. Go to a doctor if it does not reduce in 1-2 days.
Pale Skin,"Pale Skin can appear due to infections, seasonal changes, or physical strain. It may interfere with daily comfort if not managed properly.",Mild,Maintain a healthy routine and get enough sleep. Go to a doctor if it does not reduce in 1-2 days.
Cold Hands,Sometimes Cold Hands happens when the immune system is responding to minor infections or environmental factors.,Mild,Rest properly and stay hydrated throughout the day. Go to a doctor if it does not reduce in 1-2 days.
Cold Feet,"Cold Feet often develops because of irritation, lack of rest, or mild health disturbances. Identifying triggers helps in controlling it.",Mild,Maintain a healthy routine and get enough sleep. Go to a doctor if it does not reduce in 1-2 days.
Hot Flashes,"Hot Flashes may arise from stress, poor nutrition, or viral illnesses. Monitoring symptoms can help in early understanding.",Mild,Drink warm fluids and avoid exposure to cold environments. Go to a doctor if it does not reduce in 1-2 days.
Heat Intolerance,"Many people experience Heat Intolerance when their body reacts to inflammation, dehydration, or sudden lifestyle changes.",Mild,Avoid heavy foods and try to keep your body relaxed. Go to a doctor if it does not reduce in 1-2 days.
Cold Intolerance,"Cold Intolerance can be linked to tiredness, digestive imbalance, or temporary internal irritation. Proper care usually improves the condition.",Mild,Avoid heavy foods and try to keep your body relaxed. Go to a doctor if it does not reduce in 1-2 days.
Hair Loss,Sometimes Hair Loss happens when the immune system is responding to minor infections or environmental factors.,Mild,Maintain a healthy routine and get enough sleep. Go to a doctor if it does not reduce in 1-2 days.
Dandruff,"A number of everyday factors like climate shifts, fatigue, or allergies may lead to Dandruff. Early attention helps recovery.",Mild,Drink warm fluids and avoid exposure to cold environments. Go to a doctor if it does not reduce in 1-2 days.
Scalp Pain,Sometimes Scalp Pain happens when the immune system is responding to minor infections or environmental factors.,Mild,Avoid heavy foods and try to keep your body relaxed. Go to a doctor if it does not reduce in 1-2 days.
Acne,Sometimes Acne happens when the immune system is responding to minor infections or environmental factors.,Mild,Rest properly and stay hydrated throughout the day. Go to a doctor if it does not reduce in 1-2 days.
Psoriasis Flare,"Psoriasis Flare can be linked to tiredness, digestive imbalance, or temporary internal irritation. Proper care usually improves the condition.",Mild,Avoid heavy foods and try to keep your body relaxed. Go to a doctor if it does not reduce in 1-2 days.
Eczema Patch,"Eczema Patch can be linked to tiredness, digestive imbalance, or temporary internal irritation. Proper care usually improves the condition.",Mild,Maintain a healthy routine and get enough sleep. Go to a doctor if it does not reduce in 1-2 days.
Swollen Lymph Nodes,"A number of everyday factors like climate shifts, fatigue, or allergies may lead to Swollen Lymph Nodes. Early attention helps recovery.",Mild,Maintain a healthy routine and get enough sleep. Go to a doctor if it does not reduce in 1-2 days.
Leg Cramps,"Leg Cramps can be linked to tiredness, digestive imbalance, or temporary internal irritation. Proper care usually improves the condition.",Mild,Maintain a healthy routine and get enough sleep. Go to a doctor if it does not reduce in 1-2 days.
Stomach Cramps,"Many people experience Stomach Cramps when their body reacts to inflammation, dehydration, or sudden lifestyle changes.",Mild,Drink warm fluids and avoid exposure to cold environments. Go to a doctor if it does not reduce in 1-2 days.
Allergy Sneezing,"A number of everyday factors like climate shifts, fatigue, or allergies may lead to Allergy Sneezing. Early attention helps recovery.",Mild,Maintain a healthy routine and get enough sleep. Go to a doctor if it does not reduce in 1-2 days.
Allergic Cough,"Many people experience Allergic Cough when their body reacts to inflammation, dehydration, or sudden lifestyle changes.",Mild,Avoid heavy foods and try to keep your body relaxed. Go to a doctor if it does not reduce in 1-2 days.
Allergic Rash,"Many people experience Allergic Rash when their body reacts to inflammation, dehydration, or sudden lifestyle changes.",Mild,Maintain a healthy routine and get enough sleep. Go to a doctor if it does not reduce in 1-2 days.
Breathing Difficulty During Exercise,"Breathing Difficulty During Exercise can be linked to tiredness, digestive imbalance, or temporary internal irritation. Proper care usually improves the condition.",Mild,Maintain a healthy routine and get enough sleep. Go to a doctor if it does not reduce in 1-2 days.
Rapid Breathing,"A number of everyday factors like climate shifts, fatigue, or allergies may lead to Rapid Breathing. Early attention helps recovery.",Mild,Maintain a healthy routine and get enough sleep. Go to a doctor if it does not reduce in 1-2 days.
Slow Breathing,"Slow Breathing may arise from stress, poor nutrition, or viral illnesses. Monitoring symptoms can help in early understanding.",Mild,Drink warm fluids and avoid exposure to cold environments. Go to a doctor if it does not reduce in 1-2 days.
Chest Congestion,"Chest Congestion can appear due to infections, seasonal changes, or physical strain. It may interfere with daily comfort if not managed properly.",Mild,Maintain a healthy routine and get enough sleep. Go to a doctor if it does not reduce in 1-2 days.
Difficulty Concentrating,"Difficulty Concentrating often develops because of irritation, lack of rest, or mild health disturbances. Identifying triggers helps in controlling it.",Mild,Drink warm fluids and avoid exposure to cold environments. Go to a doctor if it does not reduce in 1-2 days.
Short-Term Memory Loss,"Short-Term Memory Loss can be linked to tiredness, digestive imbalance, or temporary internal irritation. Proper care usually improves the condition.",Mild,Rest properly and stay hydrated throughout the day. Go to a doctor if it does not reduce in 1-2 days.
Long-Term Memory Loss,"Long-Term Memory Loss can appear due to infections, seasonal changes, or physical strain. It may interfere with daily comfort if not managed properly.",Mild,Maintain a healthy routine and get enough sleep. Go to a doctor if it does not reduce in 1-2 days.
Confusion,"Confusion can appear due to infections, seasonal changes, or physical strain. It may interfere with daily comfort if not managed properly.",Mild,Rest properly and stay hydrated throughout the day. Go to a doctor if it does not reduce in 1-2 days.
Anxiety,"Many people experience Anxiety when their body reacts to inflammation, dehydration, or sudden lifestyle changes.",Mild,Drink warm fluids and avoid exposure to cold environments. Go to a doctor if it does not reduce in 1-2 days.
Panic Attack,"Panic Attack can be linked to tiredness, digestive imbalance, or temporary internal irritation. Proper care usually improves the condition.",Mild,Maintain a healthy routine and get enough sleep. Go to a doctor if it does not reduce in 1-2 days.
Depression,"A number of everyday factors like climate shifts, fatigue, or allergies may lead to Depression. Early attention helps recovery.",Mild,Avoid heavy foods and try to keep your body relaxed. Go to a doctor if it does not reduce in 1-2 days.
Irritability,"Irritability can be linked to tiredness, digestive imbalance, or temporary internal irritation. Proper care usually improves the condition.",Mild,Maintain a healthy routine and get enough sleep. Go to a doctor if it does not reduce in 1-2 days.
Mood Swings,"A number of everyday factors like climate shifts, fatigue, or allergies may lead to Mood Swings. Early attention helps recovery.",Mild,Maintain a healthy routine and get enough sleep. Go to a doctor if it does not reduce in 1-2 days.
Restlessness,"Restlessness may arise from stress, poor nutrition, or viral illnesses. Monitoring symptoms can help in early understanding.",Mild,Drink warm fluids and avoid exposure to cold environments. Go to a doctor if it does not reduce in 1-2 days.
Excessive Sleepiness,"Excessive Sleepiness can be linked to tiredness, digestive imbalance, or temporary internal irritation. Proper care usually improves the condition.",Mild,Drink warm fluids and avoid exposure to cold environments. Go to a doctor if it does not reduce in 1-2 days.
Insomnia,"Many people experience Insomnia when their body reacts to inflammation, dehydration, or sudden lifestyle changes.",Mild,Rest properly and stay hydrated throughout the day. Go to a doctor if it does not reduce in 1-2 days.
Nightmares,"Many people experience Nightmares when their body reacts to inflammation, dehydration, or sudden lifestyle changes.",Mild,Drink warm fluids and avoid exposure to cold environments. Go to a doctor if it does not reduce in 1-2 days.
Low Energy,"Low Energy can be linked to tiredness, digestive imbalance, or temporary internal irritation. Proper care usually improves the condition.",Mild,Maintain a healthy routine and get enough sleep. Go to a doctor if it does not reduce in 1-2 days.
Loss of Smell,"Loss of Smell may arise from stress, poor nutrition, or viral illnesses. Monitoring symptoms can help in early understanding.",Mild,Drink warm fluids and avoid exposure to cold environments. Go to a doctor if it does not reduce in 1-2 days.
Loss of Taste,"Loss of Taste can appear due to infections, seasonal changes, or physical strain. It may interfere with daily comfort if not managed properly.",Mild,Maintain a healthy routine and get enough sleep. Go to a doctor if it does not reduce in 1-2 days.
Sinus Drainage,"Sinus Drainage can appear due to infections, seasonal changes, or physical strain. It may interfere with daily comfort if not managed properly.",Mild,Rest properly and stay hydrated throughout the day. Go to a doctor if it does not reduce in 1-2 days.
Swollen Feet,"Swollen Feet can be linked to tiredness, digestive imbalance, or temporary internal irritation. Proper care usually improves the condition.",Mild,Rest properly and stay hydrated throughout the day. Go to a doctor if it does not reduce in 1-2 days.
Swollen Hands,"A number of everyday factors like climate shifts, fatigue, or allergies may lead to Swollen Hands. Early attention helps recovery.",Mild,Drink warm fluids and avoid exposure to cold environments. Go to a doctor if it does not reduce in 1-2 days.
Joint Swelling,"Joint Swelling may arise from stress, poor nutrition, or viral illnesses. Monitoring symptoms can help in early understanding.",Mild,Avoid heavy foods and try to keep your body relaxed. Go to a doctor if it does not reduce in 1-2 days.
Finger Numbness,"Finger Numbness can be linked to tiredness, digestive imbalance, or temporary internal irritation. Proper care usually improves the condition.",Mild,Maintain a healthy routine and get enough sleep. Go to a doctor if it does not reduce in 1-2 days.
Toe Numbness,"A number of everyday factors like climate shifts, fatigue, or allergies may lead to Toe Numbness. Early attention helps recovery.",Mild,Maintain a healthy routine and get enough sleep. Go to a doctor if it does not reduce in 1-2 days.
Sunburn,"Sunburn often develops because of irritation, lack of rest, or mild health disturbances. Identifying triggers helps in controlling it.",Mild,Rest properly and stay hydrated throughout the day. Go to a doctor if it does not reduce in 1-2 days.
Heat Rash,Sometimes Heat Rash happens when the immune system is responding to minor infections or environmental factors.,Mild,Maintain a healthy routine and get enough sleep. Go to a doctor if it does not reduce in 1-2 days.
Bruising Easily,"A number of everyday factors like climate shifts, fatigue, or allergies may lead to Bruising Easily. Early attention helps recovery.",Mild,Drink warm fluids and avoid exposure to cold environments. Go to a doctor if it does not reduce in 1-2 days.
Chest Heaviness,"Chest Heaviness can appear due to infections, seasonal changes, or physical strain. It may interfere with daily comfort if not managed properly.",Mild,Maintain a healthy routine and get enough sleep. Go to a doctor if it does not reduce in 1-2 days.
Throat Irritation,"Throat Irritation may arise from stress, poor nutrition, or viral illnesses. Monitoring symptoms can help in early understanding.",Mild,Drink warm fluids and avoid exposure to cold environments. Go to a doctor if it does not reduce in 1-2 days.
Ear Fullness,"A number of everyday factors like climate shifts, fatigue, or allergies may lead to Ear Fullness. Early attention helps recovery.",Mild,Avoid heavy foods and try to keep your body relaxed. Go to a doctor if it does not reduce in 1-2 days.
Chest Infection,People often experience chest infection because of sudden changes in health or environment.,Severe,Seek immediate medical attention and avoid physical activity. Consult a doctor immediately.
Bronchitis,"Bronchitis may occur due to infections, inflammation, or strain. Monitoring symptoms helps understand the cause.",Mild,"Rest, stay hydrated, and monitor symptoms. Go to a doctor if it does not reduce in 1-2 days."
Asthma Wheezing,"Common causes of asthma wheezing include immunity changes, irritation, or organ-related disturbances.",Moderate,"Avoid physical strain and consult a doctor if symptoms continue. If symptoms worsen, consult a doctor."
Nerve Pain,"Nerve Pain may occur due to infections, inflammation, or strain. Monitoring symptoms helps understand the cause.",Moderate,"Avoid physical strain and consult a doctor if symptoms continue. If symptoms worsen, consult a doctor."
Sharp Ear Pain,"Sharp Ear Pain can be linked to stress, fatigue, or underlying medical issues.",Mild,"Rest, stay hydrated, and monitor symptoms. Go to a doctor if it does not reduce in 1-2 days."
Gallbladder Pain,"Gallbladder Pain may occur due to infections, inflammation, or strain. Monitoring symptoms helps understand the cause.",Moderate,"Avoid physical strain and consult a doctor if symptoms continue. If symptoms worsen, consult a doctor."
Liver Pain,"Liver Pain may occur due to infections, inflammation, or strain. Monitoring symptoms helps understand the cause.",Moderate,"Avoid physical strain and consult a doctor if symptoms continue. If symptoms worsen, consult a doctor."
Kidney Stone Pain,"Common causes of kidney stone pain include immunity changes, irritation, or organ-related disturbances.",Moderate,"Avoid physical strain and consult a doctor if symptoms continue. If symptoms worsen, consult a doctor."
Appendix Pain,"Common causes of appendix pain include immunity changes, irritation, or organ-related disturbances.",Moderate,"Avoid physical strain and consult a doctor if symptoms continue. If symptoms worsen, consult a doctor."
Vomiting Blood,"Vomiting Blood can be linked to stress, fatigue, or underlying medical issues.",Severe,Seek immediate medical attention and avoid physical activity. Consult a doctor immediately.
Severe Back Spasm,"Severe Back Spasm can be linked to stress, fatigue, or underlying medical issues.",Severe,Seek immediate medical attention and avoid physical activity. Consult a doctor immediately.
Eye Swelling,People often experience eye swelling because of sudden changes in health or environment.,Moderate,"Avoid physical strain and consult a doctor if symptoms continue. If symptoms worsen, consult a doctor."
Eyelid Drooping,People often experience eyelid drooping because of sudden changes in health or environment.,Mild,"Rest, stay hydrated, and monitor symptoms. Go to a doctor if it does not reduce in 1-2 days."
Hand Weakness,"Hand Weakness may occur due to infections, inflammation, or strain. Monitoring symptoms helps understand the cause.",Mild,"Rest, stay hydrated, and monitor symptoms. Go to a doctor if it does not reduce in 1-2 days."
Leg Weakness,"Leg Weakness can be linked to stress, fatigue, or underlying medical issues.",Moderate,"Avoid physical strain and consult a doctor if symptoms continue. If symptoms worsen, consult a doctor."
Loss of Balance,"Loss of Balance can be linked to stress, fatigue, or underlying medical issues.",Moderate,"Avoid physical strain and consult a doctor if symptoms continue. If symptoms worsen, consult a doctor."
Severe Joint Stiffness,"Severe Joint Stiffness can be linked to stress, fatigue, or underlying medical issues.",Severe,Seek immediate medical attention and avoid physical activity. Consult a doctor immediately.
Cold Sweats,"Cold Sweats may occur due to infections, inflammation, or strain. Monitoring symptoms helps understand the cause.",Moderate,"Avoid physical strain and consult a doctor if symptoms continue. If symptoms worsen, consult a doctor."
Heat Exhaustion,"Heat Exhaustion may occur due to infections, inflammation, or strain. Monitoring symptoms helps understand the cause.",Moderate,"Avoid physical strain and consult a doctor if symptoms continue. If symptoms worsen, consult a doctor."
Heat Stroke,"Common causes of heat stroke include immunity changes, irritation, or organ-related disturbances.",Moderate,"Avoid physical strain and consult a doctor if symptoms continue. If symptoms worsen, consult a doctor."
Allergic Swelling,People often experience allergic swelling because of sudden changes in health or environment.,Mild,"Rest, stay hydrated, and monitor symptoms. Go to a doctor if it does not reduce in 1-2 days."
Food Allergy Reaction,"Common causes of food allergy reaction include immunity changes, irritation, or organ-related disturbances.",Moderate,"Avoid physical strain and consult a doctor if symptoms continue. If symptoms worsen, consult a doctor."
Throat Dryness Severe,"Throat Dryness Severe may occur due to infections, inflammation, or strain. Monitoring symptoms helps understand the cause.",Severe,Seek immediate medical attention and avoid physical activity. Consult a doctor immediately.
Pain During Urination,"Pain During Urination may occur due to infections, inflammation, or strain. Monitoring symptoms helps understand the cause.",Moderate,"Avoid physical strain and consult a doctor if symptoms continue. If symptoms worsen, consult a doctor."
Swollen Tonsils,"Swollen Tonsils may occur due to infections, inflammation, or strain. Monitoring symptoms helps understand the cause.",Mild,"Rest, stay hydrated, and monitor symptoms. Go to a doctor if it does not reduce in 1-2 days."
Gum Infection,"Common causes of gum infection include immunity changes, irritation, or organ-related disturbances.",Severe,Seek immediate medical attention and avoid physical activity. Consult a doctor immediately.
Mouth Burning,"Mouth Burning can be linked to stress, fatigue, or underlying medical issues.",Mild,"Rest, stay hydrated, and monitor symptoms. Go to a doctor if it does not reduce in 1-2 days."
Stomach Burning,People often experience stomach burning because of sudden changes in health or environment.,Moderate,"Avoid physical strain and consult a doctor if symptoms continue. If symptoms worsen, consult a doctor."
Ulcer Pain,"Ulcer Pain may occur due to infections, inflammation, or strain. Monitoring symptoms helps understand the cause.",Moderate,"Avoid physical strain and consult a doctor if symptoms continue. If symptoms worsen, consult a doctor."
Severe Indigestion,"Severe Indigestion can be linked to stress, fatigue, or underlying medical issues.",Severe,Seek immediate medical attention and avoid physical activity. Consult a doctor immediately.
Nasal Burning,"Nasal Burning can be linked to stress, fatigue, or underlying medical issues.",Mild,"Rest, stay hydrated, and monitor symptoms. Go to a doctor if it does not reduce in 1-2 days."
Sinus Infection,"Sinus Infection can be linked to stress, fatigue, or underlying medical issues.",Severe,Seek immediate medical attention and avoid physical activity. Consult a doctor immediately.
Eye Redness Severe,"Eye Redness Severe can be linked to stress, fatigue, or underlying medical issues.",Severe,Seek immediate medical attention and avoid physical activity. Consult a doctor immediately.
Foot Burning,People often experience foot burning because of sudden changes in health or environment.,Moderate,"Avoid physical strain and consult a doctor if symptoms continue. If symptoms worsen, consult a doctor."
Heel Swelling,"Heel Swelling may occur due to infections, inflammation, or strain. Monitoring symptoms helps understand the cause.",Moderate,"Avoid physical strain and consult a doctor if symptoms continue. If symptoms worsen, consult a doctor."
Wrist Swelling,People often experience wrist swelling because of sudden changes in health or environment.,Moderate,"Avoid physical strain and consult a doctor if symptoms continue. If symptoms worsen, consult a doctor."
Forearm Pain,"Forearm Pain can be linked to stress, fatigue, or underlying medical issues.",Moderate,"Avoid physical strain and consult a doctor if symptoms continue. If symptoms worsen, consult a doctor."
Arm Numbness,"Arm Numbness can be linked to stress, fatigue, or underlying medical issues.",Mild,"Rest, stay hydrated, and monitor symptoms. Go to a doctor if it does not reduce in 1-2 days."
Leg Numbness,"Leg Numbness can be linked to stress, fatigue, or underlying medical issues.",Moderate,"Avoid physical strain and consult a doctor if symptoms continue. If symptoms worsen, consult a doctor."
Swollen Eyelids,"Swollen Eyelids may occur due to infections, inflammation, or strain. Monitoring symptoms helps understand the cause.",Mild,"Rest, stay hydrated, and monitor symptoms. Go to a doctor if it does not reduce in 1-2 days."
Chest Pressure Heavy,"Chest Pressure Heavy can be linked to stress, fatigue, or underlying medical issues.",Moderate,"Avoid physical strain and consult a doctor if symptoms continue. If symptoms worsen, consult a doctor."
Severe Heart Palpitations,"Common causes of severe heart palpitations include immunity changes, irritation, or organ-related disturbances.",Severe,Seek immediate medical attention and avoid physical activity. Consult a doctor immediately.
Irregular Heartbeat,"Common causes of irregular heartbeat include immunity changes, irritation, or organ-related disturbances.",Mild,"Rest, stay hydrated, and monitor symptoms. Go to a doctor if it does not reduce in 1-2 days."
Blackout Episodes,People often experience blackout episodes because of sudden changes in health or environment.,Mild,"Rest, stay hydrated, and monitor symptoms. Go to a doctor if it does not reduce in 1-2 days."
Severe Fatigue,"Common causes of severe fatigue include immunity changes, irritation, or organ-related disturbances.",Severe,Seek immediate medical attention and avoid physical activity. Consult a doctor immediately.
Muscle Tear Pain,People often experience muscle tear pain because of sudden changes in health or environment.,Mild,"Rest, stay hydrated, and monitor symptoms. Go to a doctor if it does not reduce in 1-2 days."
Joint Locking,"Common causes of joint locking include immunity changes, irritation, or organ-related disturbances.",Mild,"Rest, stay hydrated, and monitor symptoms. Go to a doctor if it does not reduce in 1-2 days."
Bone Pain,"Bone Pain can be linked to stress, fatigue, or underlying medical issues.",Mild,"Rest, stay hydrated, and monitor symptoms. Go to a doctor if it does not reduce in 1-2 days."
Hip Stiffness,People often experience hip stiffness because of sudden changes in health or environment.,Moderate,"Avoid physical strain and consult a doctor if symptoms continue. If symptoms worsen, consult a doctor."
Groin Pain,"Common causes of groin pain include immunity changes, irritation, or organ-related disturbances.",Moderate,"Avoid physical strain and consult a doctor if symptoms continue. If symptoms worsen, consult a doctor."
Inguinal Pain,"Inguinal Pain may occur due to infections, inflammation, or strain. Monitoring symptoms helps understand the cause.",Mild,"Rest, stay hydrated, and monitor symptoms. Go to a doctor if it does not reduce in 1-2 days."
Lower Rib Pain,"Lower Rib Pain may occur due to infections, inflammation, or strain. Monitoring symptoms helps understand the cause.",Moderate,"Avoid physical strain and consult a doctor if symptoms continue. If symptoms worsen, consult a doctor."
Upper Rib Pain,"Upper Rib Pain may occur due to infections, inflammation, or strain. Monitoring symptoms helps understand the cause.",Mild,"Rest, stay hydrated, and monitor symptoms. Go to a doctor if it does not reduce in 1-2 days."
Jaw Clicking,"Jaw Clicking may occur due to infections, inflammation, or strain. Monitoring symptoms helps understand the cause.",Moderate,"Avoid physical strain and consult a doctor if symptoms continue. If symptoms worsen, consult a doctor."
Jaw Locking,People often experience jaw locking because of sudden changes in health or environment.,Mild,"Rest, stay hydrated, and monitor symptoms. Go to a doctor if it does not reduce in 1-2 days."
Face Numbness,"Face Numbness may occur due to infections, inflammation, or strain. Monitoring symptoms helps understand the cause.",Mild,"Rest, stay hydrated, and monitor symptoms. Go to a doctor if it does not reduce in 1-2 days."
Face Pain,"Face Pain can be linked to stress, fatigue, or underlying medical issues.",Mild,"Rest, stay hydrated, and monitor symptoms. Go to a doctor if it does not reduce in 1-2 days."
Ear Blockage,"Ear Blockage can be linked to stress, fatigue, or underlying medical issues.",Mild,"Rest, stay hydrated, and monitor symptoms. Go to a doctor if it does not reduce in 1-2 days."
Water in Ear,"Common causes of water in ear include immunity changes, irritation, or organ-related disturbances.",Moderate,"Avoid physical strain and consult a doctor if symptoms continue. If symptoms worsen, consult a doctor."
Stomach Infection,"Stomach Infection can be linked to stress, fatigue, or underlying medical issues.",Severe,Seek immediate medical attention and avoid physical activity. Consult a doctor immediately.
Intestinal Cramps,"Intestinal Cramps can be linked to stress, fatigue, or underlying medical issues.",Moderate,"Avoid physical strain and consult a doctor if symptoms continue. If symptoms worsen, consult a doctor."
Rectal Pain,"Rectal Pain can be linked to stress, fatigue, or underlying medical issues.",Moderate,"Avoid physical strain and consult a doctor if symptoms continue. If symptoms worsen, consult a doctor."
Rectal Bleeding,"Common causes of rectal bleeding include immunity changes, irritation, or organ-related disturbances.",Mild,"Rest, stay hydrated, and monitor symptoms. Go to a doctor if it does not reduce in 1-2 days."
Severe Gas Pain,"Common causes of severe gas pain include immunity changes, irritation, or organ-related disturbances.",Severe,Seek immediate medical attention and avoid physical activity. Consult a doctor immediately.
Severe Abdominal Tightness,"Severe Abdominal Tightness may occur due to infections, inflammation, or strain. Monitoring symptoms helps understand the cause.",Severe,Seek immediate medical attention and avoid physical activity. Consult a doctor immediately.
Pelvic Pressure,"Pelvic Pressure may occur due to infections, inflammation, or strain. Monitoring symptoms helps understand the cause.",Mild,"Rest, stay hydrated, and monitor symptoms. Go to a doctor if it does not reduce in 1-2 days."
Pelvic Cramps,"Pelvic Cramps can be linked to stress, fatigue, or underlying medical issues.",Moderate,"Avoid physical strain and consult a doctor if symptoms continue. If symptoms worsen, consult a doctor."
Menstrual Cramps Severe,People often experience menstrual cramps severe because of sudden changes in health or environment.,Severe,Seek immediate medical attention and avoid physical activity. Consult a doctor immediately.
Ovarian Pain,"Common causes of ovarian pain include immunity changes, irritation, or organ-related disturbances.",Moderate,"Avoid physical strain and consult a doctor if symptoms continue. If symptoms worsen, consult a doctor."
Testicular Pain,"Testicular Pain may occur due to infections, inflammation, or strain. Monitoring symptoms helps understand the cause.",Mild,"Rest, stay hydrated, and monitor symptoms. Go to a doctor if it does not reduce in 1-2 days."
Urinary Retention,"Urinary Retention may occur due to infections, inflammation, or strain. Monitoring symptoms helps understand the cause.",Mild,"Rest, stay hydrated, and monitor symptoms. Go to a doctor if it does not reduce in 1-2 days."
High Fever,People often experience high fever because of sudden changes in health or environment.,Mild,"Rest, stay hydrated, and monitor symptoms. Go to a doctor if it does not reduce in 1-2 days."
Low Fever,"Low Fever may occur due to infections, inflammation, or strain. Monitoring symptoms helps understand the cause.",Mild,"Rest, stay hydrated, and monitor symptoms. Go to a doctor if it does not reduce in 1-2 days."
Throat Infection,"Throat Infection can be linked to stress, fatigue, or underlying medical issues.",Severe,Seek immediate medical attention and avoid physical activity. Consult a doctor immediately.
Body Itching Severe,People often experience body itching severe because of sudden changes in health or environment.,Severe,Seek immediate medical attention and avoid physical activity. Consult a doctor immediately.
Skin Infection,"Skin Infection may occur due to infections, inflammation, or strain. Monitoring symptoms helps understand the cause.",Severe,Seek immediate medical attention and avoid physical activity. Consult a doctor immediately.
Red Patches,People often experience red patches because of sudden changes in health or environment.,Mild,"Rest, stay hydrated, and monitor symptoms. Go to a doctor if it does not reduce in 1-2 days."
White Patches,People often experience white patches because of sudden changes in health or environment.,Mild,"Rest, stay hydrated, and monitor symptoms. Go to a doctor if it does not reduce in 1-2 days."
Skin Burning Severe,"Skin Burning Severe may occur due to infections, inflammation, or strain. Monitoring symptoms helps understand the cause.",Severe,Seek immediate medical attention and avoid physical activity. Consult a doctor immediately.
Cold Urticaria,"Common causes of cold urticaria include immunity changes, irritation, or organ-related disturbances.",Moderate,"Avoid physical strain and consult a doctor if symptoms continue. If symptoms worsen, consult a doctor."
Heat Urticaria,"Common causes of heat urticaria include immunity changes, irritation, or organ-related disturbances.",Moderate,"Avoid physical strain and consult a doctor if symptoms continue. If symptoms worsen, consult a doctor."
Skin Blisters,"Common causes of skin blisters include immunity changes, irritation, or organ-related disturbances.",Moderate,"Avoid physical strain and consult a doctor if symptoms continue. If symptoms worsen, consult a doctor."
Fluid Retention,"Fluid Retention can be linked to stress, fatigue, or underlying medical issues.",Moderate,"Avoid physical strain and consult a doctor if symptoms continue. If symptoms worsen, consult a doctor."
Water Retention,People often experience water retention because of sudden changes in health or environment.,Mild,"Rest, stay hydrated, and monitor symptoms. Go to a doctor if it does not reduce in 1-2 days."
Ankle Swelling Severe,"Common causes of ankle swelling severe include immunity changes, irritation, or organ-related disturbances.",Severe,Seek immediate medical attention and avoid physical activity. Consult a doctor immediately.
Foot Infection,People often experience foot infection because of sudden changes in health or environment.,Severe,Seek immediate medical attention and avoid physical activity. Consult a doctor immediately.
Hand Infection,"Common causes of hand infection include immunity changes, irritation, or organ-related disturbances.",Severe,Seek immediate medical attention and avoid physical activity. Consult a doctor immediately.
Neck Swelling Severe,"Neck Swelling Severe can be linked to stress, fatigue, or underlying medical issues.",Severe,Seek immediate medical attention and avoid physical activity. Consult a doctor immediately.
Lymph Node Infection,"Lymph Node Infection may occur due to infections, inflammation, or strain. Monitoring symptoms helps understand the cause.",Severe,Seek immediate medical attention and avoid physical activity. Consult a doctor immediately.
Voice Loss,People often experience voice loss because of sudden changes in health or environment.,Mild,"Rest, stay hydrated, and monitor symptoms. Go to a doctor if it does not reduce in 1-2 days."
Breathlessness Severe,People often experience breathlessness severe because of sudden changes in health or environment.,Severe,Seek immediate medical attention and avoid physical activity. Consult a doctor immediately.
Air Hunger,"Air Hunger may occur due to infections, inflammation, or strain. Monitoring symptoms helps understand the cause.",Moderate,"Avoid physical strain and consult a doctor if symptoms continue. If symptoms worsen, consult a doctor."
Sharp Rib Pain,"Sharp Rib Pain may occur due to infections, inflammation, or strain. Monitoring symptoms helps understand the cause.",Mild,"Rest, stay hydrated, and monitor symptoms. Go to a doctor if it does not reduce in 1-2 days."
Lower Back Burning,People often experience lower back burning because of sudden changes in health or environment.,Moderate,"Avoid physical strain and consult a doctor if symptoms continue. If symptoms worsen, consult a doctor."
Upper Back Burning,"Upper Back Burning may occur due to infections, inflammation, or strain. Monitoring symptoms helps understand the cause.",Moderate,"Avoid physical strain and consult a doctor if symptoms continue. If symptoms worsen, consult a doctor."
Bone Crack Feeling,"Bone Crack Feeling can be linked to stress, fatigue, or underlying medical issues.",Moderate,"Avoid physical strain and consult a doctor if symptoms continue. If symptoms worsen, consult a doctor."
Bone Weakness,People often experience bone weakness because of sudden changes in health or environment.,Mild,"Rest, stay hydrated, and monitor symptoms. Go to a doctor if it does not reduce in 1-2 days."
Severe Muscle Knots,People often experience severe muscle knots because of sudden changes in health or environment.,Severe,Seek immediate medical attention and avoid physical activity. Consult a doctor immediately.
Upper Chest Discomfort,"Upper Chest Discomfort may be caused by irritation, inflammation, fatigue, or shifting internal pressure. It often needs closer observation.",Mild,"Rest well, drink enough fluids, and avoid physical strain. Go to a doctor if it does not reduce in 1-2 days."
Lower Chest Discomfort,"Common reasons for lower chest discomfort include nerve sensitivity, muscle tension, or internal disturbances.",Moderate,"Stay indoors, rest, and avoid triggers. If symptoms worsen, consult a doctor."
Deep Lung Pain,"Deep Lung Pain may be caused by irritation, inflammation, fatigue, or shifting internal pressure. It often needs closer observation.",Mild,"Rest well, drink enough fluids, and avoid physical strain. Go to a doctor if it does not reduce in 1-2 days."
Sharp Lung Pain,"Common reasons for sharp lung pain include nerve sensitivity, muscle tension, or internal disturbances.",Mild,Avoid stressful activities and let your body relax. Go to a doctor if it does not reduce in 1-2 days.
Choking Feeling,"Choking Feeling can appear during infections, climate shifts, or temporary imbalances in the body.",Moderate,"Consult a doctor if symptoms remain for long. If symptoms worsen, consult a doctor."
Tickling Throat,"Tickling Throat can appear during infections, climate shifts, or temporary imbalances in the body.",Moderate,"Stay indoors, rest, and avoid triggers. If symptoms worsen, consult a doctor."
Burning Throat,"Burning Throat may be caused by irritation, inflammation, fatigue, or shifting internal pressure. It often needs closer observation.",Mild,Avoid stressful activities and let your body relax. Go to a doctor if it does not reduce in 1-2 days.
Deep Cough Pain,"Common reasons for deep cough pain include nerve sensitivity, muscle tension, or internal disturbances.",Moderate,"Consult a doctor if symptoms remain for long. If symptoms worsen, consult a doctor."
Abdominal Tightness,"Abdominal Tightness may be caused by irritation, inflammation, fatigue, or shifting internal pressure. It often needs closer observation.",Mild,Monitor your condition and stay hydrated. Go to a doctor if it does not reduce in 1-2 days.
Severe Chest Vibration,"People may feel severe chest vibration due to stress, organ responses, or sudden changes in body function.",Severe,Stay accompanied and avoid self-treatment. Consult a doctor immediately.
Ear Pressure,"Common reasons for ear pressure include nerve sensitivity, muscle tension, or internal disturbances.",Moderate,"Reduce physical activity and observe symptom patterns. If symptoms worsen, consult a doctor."
Full Body Shaking,"Common reasons for full body shaking include nerve sensitivity, muscle tension, or internal disturbances.",Moderate,"Reduce physical activity and observe symptom patterns. If symptoms worsen, consult a doctor."
Hand Coldness,"People may feel hand coldness due to stress, organ responses, or sudden changes in body function.",Moderate,"Consult a doctor if symptoms remain for long. If symptoms worsen, consult a doctor."
Face Tingling,"Common reasons for face tingling include nerve sensitivity, muscle tension, or internal disturbances.",Moderate,"Consult a doctor if symptoms remain for long. If symptoms worsen, consult a doctor."
Toe Tingling,"Common reasons for toe tingling include nerve sensitivity, muscle tension, or internal disturbances.",Moderate,"Stay indoors, rest, and avoid triggers. If symptoms worsen, consult a doctor."
Sharp Heel Pain,"Sharp Heel Pain can appear during infections, climate shifts, or temporary imbalances in the body.",Mild,Monitor your condition and stay hydrated. Go to a doctor if it does not reduce in 1-2 days.
Collapsed Feeling,"Collapsed Feeling can appear during infections, climate shifts, or temporary imbalances in the body.",Severe,Stay accompanied and avoid self-treatment. Consult a doctor immediately.
Breathing Pain,"Breathing Pain can appear during infections, climate shifts, or temporary imbalances in the body.",Severe,Seek immediate medical care without delay. Consult a doctor immediately.
Cold Shiver Waves,"People may feel cold shiver waves due to stress, organ responses, or sudden changes in body function.",Mild,Monitor your condition and stay hydrated. Go to a doctor if it does not reduce in 1-2 days.
Warm Skin Feeling,"Warm Skin Feeling may be caused by irritation, inflammation, fatigue, or shifting internal pressure. It often needs closer observation.",Moderate,"Reduce physical activity and observe symptom patterns. If symptoms worsen, consult a doctor."
Forehead Pressure,"People may feel forehead pressure due to stress, organ responses, or sudden changes in body function.",Moderate,"Stay indoors, rest, and avoid triggers. If symptoms worsen, consult a doctor."
Eye Burning,"Eye Burning can appear during infections, climate shifts, or temporary imbalances in the body.",Moderate,"Consult a doctor if symptoms remain for long. If symptoms worsen, consult a doctor."
Severe Watery Eyes,"Common reasons for severe watery eyes include nerve sensitivity, muscle tension, or internal disturbances.",Severe,Seek immediate medical care without delay. Consult a doctor immediately.
Internal Burning Sensation,"Internal Burning Sensation may be caused by irritation, inflammation, fatigue, or shifting internal pressure. It often needs closer observation.",Mild,Monitor your condition and stay hydrated. Go to a doctor if it does not reduce in 1-2 days.
Stomach Knot,"Stomach Knot can appear during infections, climate shifts, or temporary imbalances in the body.",Mild,Avoid stressful activities and let your body relax. Go to a doctor if it does not reduce in 1-2 days.
Stomach Pulling Pain,"People may feel stomach pulling pain due to stress, organ responses, or sudden changes in body function.",Moderate,"Consult a doctor if symptoms remain for long. If symptoms worsen, consult a doctor."
Left Side Chest Ache,"Left Side Chest Ache may be caused by irritation, inflammation, fatigue, or shifting internal pressure. It often needs closer observation.",Mild,Avoid stressful activities and let your body relax. Go to a doctor if it does not reduce in 1-2 days.
Right Side Chest Ache,"Right Side Chest Ache can appear during infections, climate shifts, or temporary imbalances in the body.",Mild,Avoid stressful activities and let your body relax. Go to a doctor if it does not reduce in 1-2 days.
Internal Tremors,"People may feel internal tremors due to stress, organ responses, or sudden changes in body function.",Moderate,"Stay indoors, rest, and avoid triggers. If symptoms worsen, consult a doctor."
Mid Back Tightness,"Mid Back Tightness can appear during infections, climate shifts, or temporary imbalances in the body.",Mild,"Rest well, drink enough fluids, and avoid physical strain. Go to a doctor if it does not reduce in 1-2 days."
Upper Spine Pain,"Upper Spine Pain may be caused by irritation, inflammation, fatigue, or shifting internal pressure. It often needs closer observation.",Moderate,"Reduce physical activity and observe symptom patterns. If symptoms worsen, consult a doctor."
Lower Spine Pain,"Lower Spine Pain can appear during infections, climate shifts, or temporary imbalances in the body.",Moderate,"Consult a doctor if symptoms remain for long. If symptoms worsen, consult a doctor."
Deep Joint Throbbing,"People may feel deep joint throbbing due to stress, organ responses, or sudden changes in body function.",Mild,Monitor your condition and stay hydrated. Go to a doctor if it does not reduce in 1-2 days.
Muscle Pull Pain,"Common reasons for muscle pull pain include nerve sensitivity, muscle tension, or internal disturbances.",Mild,"Rest well, drink enough fluids, and avoid physical strain. Go to a doctor if it does not reduce in 1-2 days."
Sudden Weakness Waves,"Common reasons for sudden weakness waves include nerve sensitivity, muscle tension, or internal disturbances.",Mild,"Rest well, drink enough fluids, and avoid physical strain. Go to a doctor if it does not reduce in 1-2 days."
Mind Fog,"Common reasons for mind fog include nerve sensitivity, muscle tension, or internal disturbances.",Moderate,"Stay indoors, rest, and avoid triggers. If symptoms worsen, consult a doctor."
Severe Disorientation,"Common reasons for severe disorientation include nerve sensitivity, muscle tension, or internal disturbances.",Severe,Avoid all exertion and call emergency support. Consult a doctor immediately.
Eye Strain,"Common reasons for eye strain include nerve sensitivity, muscle tension, or internal disturbances.",Mild,Monitor your condition and stay hydrated. Go to a doctor if it does not reduce in 1-2 days.
Ear Buzzing,"Ear Buzzing can appear during infections, climate shifts, or temporary imbalances in the body.",Mild,Avoid stressful activities and let your body relax. Go to a doctor if it does not reduce in 1-2 days.
Internal Cold Feeling,"Internal Cold Feeling may be caused by irritation, inflammation, fatigue, or shifting internal pressure. It often needs closer observation.",Moderate,"Consult a doctor if symptoms remain for long. If symptoms worsen, consult a doctor."
Leg Heaviness,"Leg Heaviness may be caused by irritation, inflammation, fatigue, or shifting internal pressure. It often needs closer observation.",Mild,Monitor your condition and stay hydrated. Go to a doctor if it does not reduce in 1-2 days.
Arm Heaviness,"Arm Heaviness can appear during infections, climate shifts, or temporary imbalances in the body.",Mild,Monitor your condition and stay hydrated. Go to a doctor if it does not reduce in 1-2 days.
Sinus Swelling,"People may feel sinus swelling due to stress, organ responses, or sudden changes in body function.",Mild,Avoid stressful activities and let your body relax. Go to a doctor if it does not reduce in 1-2 days.
Inner Ear Itching,"Common reasons for inner ear itching include nerve sensitivity, muscle tension, or internal disturbances.",Mild,Monitor your condition and stay hydrated. Go to a doctor if it does not reduce in 1-2 days.
Inner Nose Burning,"Common reasons for inner nose burning include nerve sensitivity, muscle tension, or internal disturbances.",Mild,"Rest well, drink enough fluids, and avoid physical strain. Go to a doctor if it does not reduce in 1-2 days."
Skin Stretching Pain,"Common reasons for skin stretching pain include nerve sensitivity, muscle tension, or internal disturbances.",Mild,Monitor your condition and stay hydrated. Go to a doctor if it does not reduce in 1-2 days.
Hip Locking,"Common reasons for hip locking include nerve sensitivity, muscle tension, or internal disturbances.",Moderate,"Reduce physical activity and observe symptom patterns. If symptoms worsen, consult a doctor."
Muscle Twitching,"Muscle Twitching may be caused by irritation, inflammation, fatigue, or shifting internal pressure. It often needs closer observation.",Mild,Avoid stressful activities and let your body relax. Go to a doctor if it does not reduce in 1-2 days.
Sudden Chest Pulse,"Sudden Chest Pulse may be caused by irritation, inflammation, fatigue, or shifting internal pressure. It often needs closer observation.",Mild,"Rest well, drink enough fluids, and avoid physical strain. Go to a doctor if it does not reduce in 1-2 days."
Internal Fluctuation Feeling,"Internal Fluctuation Feeling can appear during infections, climate shifts, or temporary imbalances in the body.",Mild,Avoid stressful activities and let your body relax. Go to a doctor if it does not reduce in 1-2 days.
Jaw Pressure,"Jaw Pressure can appear during infections, climate shifts, or temporary imbalances in the body.",Moderate,"Stay indoors, rest, and avoid triggers. If symptoms worsen, consult a doctor."
Neck Burning,"Neck Burning may be caused by irritation, inflammation, fatigue, or shifting internal pressure. It often needs closer observation.",Moderate,"Consult a doctor if symptoms remain for long. If symptoms worsen, consult a doctor."
Throat Itching Severe,"Common reasons for throat itching severe include nerve sensitivity, muscle tension, or internal disturbances.",Severe,Seek immediate medical care without delay. Consult a doctor immediately.
Body Heat Waves,"People may feel body heat waves due to stress, organ responses, or sudden changes in body function.",Moderate,"Consult a doctor if symptoms remain for long. If symptoms worsen, consult a doctor."
Body Shaking Mild,"Common reasons for body shaking mild include nerve sensitivity, muscle tension, or internal disturbances.",Mild,Avoid stressful activities and let your body relax. Go to a doctor if it does not reduce in 1-2 days.
Chest Flutter,"Chest Flutter may be caused by irritation, inflammation, fatigue, or shifting internal pressure. It often needs closer observation.",Moderate,"Stay indoors, rest, and avoid triggers. If symptoms worsen, consult a doctor."
Abdominal Vibration,"Common reasons for abdominal vibration include nerve sensitivity, muscle tension, or internal disturbances.",Mild,Monitor your condition and stay hydrated. Go to a doctor if it does not reduce in 1-2 days.
Internal Vibration,"People may feel internal vibration due to stress, organ responses, or sudden changes in body function.",Moderate,"Stay indoors, rest, and avoid triggers. If symptoms worsen, consult a doctor."
Fatigue Waves,"Fatigue Waves may be caused by irritation, inflammation, fatigue, or shifting internal pressure. It often needs closer observation.",Moderate,"Stay indoors, rest, and avoid triggers. If symptoms worsen, consult a doctor."
Energy Drop,"People may feel energy drop due to stress, organ responses, or sudden changes in body function.",Moderate,"Reduce physical activity and observe symptom patterns. If symptoms worsen, consult a doctor."
Chest Numbness,"People may feel chest numbness due to stress, organ responses, or sudden changes in body function.",Mild,"Rest well, drink enough fluids, and avoid physical strain. Go to a doctor if it does not reduce in 1-2 days."
Face Heat,"People may feel face heat due to stress, organ responses, or sudden changes in body function.",Moderate,"Stay indoors, rest, and avoid triggers. If symptoms worsen, consult a doctor."
Face Cold,"Face Cold may be caused by irritation, inflammation, fatigue, or shifting internal pressure. It often needs closer observation.",Mild,"Rest well, drink enough fluids, and avoid physical strain. Go to a doctor if it does not reduce in 1-2 days."
Sudden Face Redness,"Sudden Face Redness may be caused by irritation, inflammation, fatigue, or shifting internal pressure. It often needs closer observation.",Moderate,"Stay indoors, rest, and avoid triggers. If symptoms worsen, consult a doctor."
Knee Locking,"Knee Locking may be caused by irritation, inflammation, fatigue, or shifting internal pressure. It often needs closer observation.",Mild,Monitor your condition and stay hydrated. Go to a doctor if it does not reduce in 1-2 days.
Foot Nerve Twinge,"Foot Nerve Twinge can appear during infections, climate shifts, or temporary imbalances in the body.",Mild,Avoid stressful activities and let your body relax. Go to a doctor if it does not reduce in 1-2 days.
Palm Burning,"Common reasons for palm burning include nerve sensitivity, muscle tension, or internal disturbances.",Moderate,"Consult a doctor if symptoms remain for long. If symptoms worsen, consult a doctor."
Palm Itching,"Palm Itching can appear during infections, climate shifts, or temporary imbalances in the body.",Moderate,"Stay indoors, rest, and avoid triggers. If symptoms worsen, consult a doctor."
Ear Warmth,"Ear Warmth can appear during infections, climate shifts, or temporary imbalances in the body.",Mild,Avoid stressful activities and let your body relax. Go to a doctor if it does not reduce in 1-2 days.
Ear Coldness,"Ear Coldness may be caused by irritation, inflammation, fatigue, or shifting internal pressure. It often needs closer observation.",Mild,Monitor your condition and stay hydrated. Go to a doctor if it does not reduce in 1-2 days.
Scalp Tingling,"Common reasons for scalp tingling include nerve sensitivity, muscle tension, or internal disturbances.",Mild,"Rest well, drink enough fluids, and avoid physical strain. Go to a doctor if it does not reduce in 1-2 days."
Scalp Itching Severe,"Common reasons for scalp itching severe include nerve sensitivity, muscle tension, or internal disturbances.",Severe,Seek immediate medical care without delay. Consult a doctor immediately.
Deep Eye Pressure,"Deep Eye Pressure can appear during infections, climate shifts, or temporary imbalances in the body.",Mild,"Rest well, drink enough fluids, and avoid physical strain. Go to a doctor if it does not reduce in 1-2 days."
Upper Back Pulse,"Upper Back Pulse can appear during infections, climate shifts, or temporary imbalances in the body.",Moderate,"Consult a doctor if symptoms remain for long. If symptoms worsen, consult a doctor."
Lower Back Pulse,"People may feel lower back pulse due to stress, organ responses, or sudden changes in body function.",Mild,Avoid stressful activities and let your body relax. Go to a doctor if it does not reduce in 1-2 days.
Abdominal Pulse,"Abdominal Pulse can appear during infections, climate shifts, or temporary imbalances in the body.",Moderate,"Consult a doctor if symptoms remain for long. If symptoms worsen, consult a doctor."
Chest Pulse,"People may feel chest pulse due to stress, organ responses, or sudden changes in body function.",Moderate,"Reduce physical activity and observe symptom patterns. If symptoms worsen, consult a doctor."
Body Pulse Awareness,"Body Pulse Awareness may be caused by irritation, inflammation, fatigue, or shifting internal pressure. It often needs closer observation.",Mild,Monitor your condition and stay hydrated. Go to a doctor if it does not reduce in 1-2 days.
Rapid Body Temperature Change,"People may feel rapid body temperature change due to stress, organ responses, or sudden changes in body function.",Moderate,"Stay indoors, rest, and avoid triggers. If symptoms worsen, consult a doctor."
Internal Pressure,"Internal Pressure may be caused by irritation, inflammation, fatigue, or shifting internal pressure. It often needs closer observation.",Mild,Monitor your condition and stay hydrated. Go to a doctor if it does not reduce in 1-2 days.
Deep Internal Ache,"People may feel deep internal ache due to stress, organ responses, or sudden changes in body function.",Mild,Avoid stressful activities and let your body relax. Go to a doctor if it does not reduce in 1-2 days.
Throat Pulse,"Throat Pulse may be caused by irritation, inflammation, fatigue, or shifting internal pressure. It often needs closer observation.",Moderate,"Stay indoors, rest, and avoid triggers. If symptoms worsen, consult a doctor."
Eye Twitch Severe,"People may feel eye twitch severe due to stress, organ responses, or sudden changes in body function.",Severe,Avoid all exertion and call emergency support. Consult a doctor immediately.
Leg Pulse Feeling,"Leg Pulse Feeling may be caused by irritation, inflammation, fatigue, or shifting internal pressure. It often needs closer observation.",Moderate,"Reduce physical activity and observe symptom patterns. If symptoms worsen, consult a doctor."
Toe Burning,"Common reasons for toe burning include nerve sensitivity, muscle tension, or internal disturbances.",Mild,Monitor your condition and stay hydrated. Go to a doctor if it does not reduce in 1-2 days.
Chest Stabbing Pain,"Chest Stabbing Pain can appear during infections, climate shifts, or temporary imbalances in the body.",Severe,Avoid all exertion and call emergency support. Consult a doctor immediately.
Back Stabbing Pain,"Common reasons for back stabbing pain include nerve sensitivity, muscle tension, or internal disturbances.",Severe,Seek immediate medical care without delay. Consult a doctor immediately.
Low Spine Tightness,"Low Spine Tightness may be caused by irritation, inflammation, fatigue, or shifting internal pressure. It often needs closer observation.",Mild,Avoid stressful activities and let your body relax. Go to a doctor if it does not reduce in 1-2 days.
Mid Spine Tightness,"Mid Spine Tightness can appear during infections, climate shifts, or temporary imbalances in the body.",Moderate,"Consult a doctor if symptoms remain for long. If symptoms worsen, consult a doctor."
Collarbone Pain,"Collarbone Pain may be caused by irritation, inflammation, fatigue, or shifting internal pressure. It often needs closer observation.",Mild,Avoid stressful activities and let your body relax. Go to a doctor if it does not reduce in 1-2 days.
Shoulder Blade Pain,"People may feel shoulder blade pain due to stress, organ responses, or sudden changes in body function.",Mild,"Rest well, drink enough fluids, and avoid physical strain. Go to a doctor if it does not reduce in 1-2 days."
Deep Shoulder Pressure,"Deep Shoulder Pressure may be caused by irritation, inflammation, fatigue, or shifting internal pressure. It often needs closer observation.",Mild,Avoid stressful activities and let your body relax. Go to a doctor if it does not reduce in 1-2 days.
Ankle Tightness,"Ankle Tightness can appear during infections, climate shifts, or temporary imbalances in the body.",Mild,Monitor your condition and stay hydrated. Go to a doctor if it does not reduce in 1-2 days.
Ankle Nerve Pain,"People may feel ankle nerve pain due to stress, organ responses, or sudden changes in body function.",Mild,Avoid stressful activities and let your body relax. Go to a doctor if it does not reduce in 1-2 days.
Heel Vibration,"Heel Vibration can appear during infections, climate shifts, or temporary imbalances in the body.",Mild,Avoid stressful activities and let your body relax. Go to a doctor if it does not reduce in 1-2 days.
Foot Pulse,"Foot Pulse can appear during infections, climate shifts, or temporary imbalances in the body.",Mild,Avoid stressful activities and let your body relax. Go to a doctor if it does not reduce in 1-2 days.
Hand Pulse Feeling,"Hand Pulse Feeling may be caused by irritation, inflammation, fatigue, or shifting internal pressure. It often needs closer observation.",Mild,"Rest well, drink enough fluids, and avoid physical strain. Go to a doctor if it does not reduce in 1-2 days."
Rib Cramps,"Rib Cramps can appear during infections, climate shifts, or temporary imbalances in the body.",Mild,Monitor your condition and stay hydrated. Go to a doctor if it does not reduce in 1-2 days.
Side Cramps,"People may feel side cramps due to stress, organ responses, or sudden changes in body function.",Mild,"Rest well, drink enough fluids, and avoid physical strain. Go to a doctor if it does not reduce in 1-2 days."
Inner Side Pain,"Common reasons for inner side pain include nerve sensitivity, muscle tension, or internal disturbances.",Moderate,"Reduce physical activity and observe symptom patterns. If symptoms worsen, consult a doctor."
Kidney Throbbing,"Common reasons for kidney throbbing include nerve sensitivity, muscle tension, or internal disturbances.",Moderate,"Stay indoors, rest, and avoid triggers. If symptoms worsen, consult a doctor."
Liver Throbbing,"Common reasons for liver throbbing include nerve sensitivity, muscle tension, or internal disturbances.",Moderate,"Reduce physical activity and observe symptom patterns. If symptoms worsen, consult a doctor."
Stomach Burning Severe,"Common reasons for stomach burning severe include nerve sensitivity, muscle tension, or internal disturbances.",Severe,Seek immediate medical care without delay. Consult a doctor immediately.
Heart Region Uneasiness,"People may feel heart region uneasiness due to stress, organ responses, or sudden changes in body function.",Severe,Seek immediate medical care without delay. Consult a doctor immediately.
Heart Flutter Sudden,"Heart Flutter Sudden may be caused by irritation, inflammation, fatigue, or shifting internal pressure. It often needs closer observation.",Severe,Stay accompanied and avoid self-treatment. Consult a doctor immediately.
Severe Nose Tingling,"People may feel severe nose tingling due to stress, organ responses, or sudden changes in body function.",Severe,Stay accompanied and avoid self-treatment. Consult a doctor immediately.
Dry Nasal Passage,"Common reasons for dry nasal passage include nerve sensitivity, muscle tension, or internal disturbances.",Mild,Monitor your condition and stay hydrated. Go to a doctor if it does not reduce in 1-2 days.
Hot Nasal Passage,"Hot Nasal Passage can appear during infections, climate shifts, or temporary imbalances in the body.",Mild,Monitor your condition and stay hydrated. Go to a doctor if it does not reduce in 1-2 days.
Mouth Drying Fast,"Mouth Drying Fast may be caused by irritation, inflammation, fatigue, or shifting internal pressure. It often needs closer observation.",Mild,"Rest well, drink enough fluids, and avoid physical strain. Go to a doctor if it does not reduce in 1-2 days."
Inner Mouth Burning,"Inner Mouth Burning can appear during infections, climate shifts, or temporary imbalances in the body.",Moderate,"Reduce physical activity and observe symptom patterns. If symptoms worsen, consult a doctor."
Tongue Dryness,"Tongue Dryness may be caused by irritation, inflammation, fatigue, or shifting internal pressure. It often needs closer observation.",Moderate,"Consult a doctor if symptoms remain for long. If symptoms worsen, consult a doctor."
Tongue Tingling,"Tongue Tingling may be caused by irritation, inflammation, fatigue, or shifting internal pressure. It often needs closer observation.",Mild,"Rest well, drink enough fluids, and avoid physical strain. Go to a doctor if it does not reduce in 1-2 days."
Cheek Pain,"Cheek Pain may be caused by irritation, inflammation, fatigue, or shifting internal pressure. It often needs closer observation.",Mild,"Rest well, drink enough fluids, and avoid physical strain. Go to a doctor if it does not reduce in 1-2 days."
Cheek Numbness,"Cheek Numbness can appear during infections, climate shifts, or temporary imbalances in the body.",Mild,"Rest well, drink enough fluids, and avoid physical strain. Go to a doctor if it does not reduce in 1-2 days."
Jaw Numbness,"People may feel jaw numbness due to stress, organ responses, or sudden changes in body function.",Moderate,"Consult a doctor if symptoms remain for long. If symptoms worsen, consult a doctor."
Entire Body Heaviness,"Entire Body Heaviness can appear during infections, climate shifts, or temporary imbalances in the body.",Mild,Monitor your condition and stay hydrated. Go to a doctor if it does not reduce in 1-2 days.
Sudden Limb Weakness,"People may feel sudden limb weakness due to stress, organ responses, or sudden changes in body function.",Moderate,"Consult a doctor if symptoms remain for long. If symptoms worsen, consult a doctor."
Deep Bone Stiffness,"Common reasons for deep bone stiffness include nerve sensitivity, muscle tension, or internal disturbances.",Mild,Monitor your condition and stay hydrated. Go to a doctor if it does not reduce in 1-2 days.
Deep Bone Pressure,"Common reasons for deep bone pressure include nerve sensitivity, muscle tension, or internal disturbances.",Mild,Monitor your condition and stay hydrated. Go to a doctor if it does not reduce in 1-2 days.
Eye Drying Fast,"Eye Drying Fast can appear during infections, climate shifts, or temporary imbalances in the body.",Mild,"Rest well, drink enough fluids, and avoid physical strain. Go to a doctor if it does not reduce in 1-2 days."
Upper Abdomen Stretching,"Common reasons for upper abdomen stretching include nerve sensitivity, muscle tension, or internal disturbances.",Moderate,"Stay indoors, rest, and avoid triggers. If symptoms worsen, consult a doctor."
Lower Abdomen Stretching,"Lower Abdomen Stretching can appear during infections, climate shifts, or temporary imbalances in the body.",Moderate,"Reduce physical activity and observe symptom patterns. If symptoms worsen, consult a doctor."
Inner Chest Stretching,"People may feel inner chest stretching due to stress, organ responses, or sudden changes in body function.",Mild,"Rest well, drink enough fluids, and avoid physical strain. Go to a doctor if it does not reduce in 1-2 days."
Inner Leg Tightness,"People may feel inner leg tightness due to stress, organ responses, or sudden changes in body function.",Moderate,"Stay indoors, rest, and avoid triggers. If symptoms worsen, consult a doctor."
Inner Arm Tightness,"People may feel inner arm tightness due to stress, organ responses, or sudden changes in body function.",Mild,Avoid stressful activities and let your body relax. Go to a doctor if it does not reduce in 1-2 days.
Stomach Rolling Feeling,"Common reasons for stomach rolling feeling include nerve sensitivity, muscle tension, or internal disturbances.",Moderate,"Reduce physical activity and observe symptom patterns. If symptoms worsen, consult a doctor."
Sudden Sweating Burst,"Sudden Sweating Burst can appear during infections, climate shifts, or temporary imbalances in the body.",Moderate,"Consult a doctor if symptoms remain for long. If symptoms worsen, consult a doctor."
Sudden Cold Burst,"Sudden Cold Burst may be caused by irritation, inflammation, fatigue, or shifting internal pressure. It often needs closer observation.",Moderate,"Stay indoors, rest, and avoid triggers. If symptoms worsen, consult a doctor."
Moist Skin Feeling,"Moist Skin Feeling can appear during infections, climate shifts, or temporary imbalances in the body.",Moderate,"Reduce physical activity and observe symptom patterns. If symptoms worsen, consult a doctor."
Dry Skin Feeling,"Dry Skin Feeling can appear during infections, climate shifts, or temporary imbalances in the body.",Mild,Monitor your condition and stay hydrated. Go to a doctor if it does not reduce in 1-2 days.
Skin Tightening,"Skin Tightening may be caused by irritation, inflammation, fatigue, or shifting internal pressure. It often needs closer observation.",Mild,"Rest well, drink enough fluids, and avoid physical strain. Go to a doctor if it does not reduce in 1-2 days."
Skin Loosening Feeling,"Skin Loosening Feeling can appear during infections, climate shifts, or temporary imbalances in the body.",Moderate,"Stay indoors, rest, and avoid triggers. If symptoms worsen, consult a doctor."
Rapid Muscle Fatigue,"Common reasons for rapid muscle fatigue include nerve sensitivity, muscle tension, or internal disturbances.",Moderate,"Reduce physical activity and observe symptom patterns. If symptoms worsen, consult a doctor."
Delayed Muscle Fatigue,"Common reasons for delayed muscle fatigue include nerve sensitivity, muscle tension, or internal disturbances.",Moderate,"Reduce physical activity and observe symptom patterns. If symptoms worsen, consult a doctor."
Muscle Burning Inside,"Common reasons for muscle burning inside include nerve sensitivity, muscle tension, or internal disturbances.",Moderate,"Reduce physical activity and observe symptom patterns. If symptoms worsen, consult a doctor."
Inner Muscle Tension,"Inner Muscle Tension may be caused by irritation, inflammation, fatigue, or shifting internal pressure. It often needs closer observation.",Moderate,"Consult a doctor if symptoms remain for long. If symptoms worsen, consult a doctor."
Lower Neck Pulling,"Lower Neck Pulling may be caused by irritation, inflammation, fatigue, or shifting internal pressure. It often needs closer observation.",Moderate,"Reduce physical activity and observe symptom patterns. If symptoms worsen, consult a doctor."
Upper Neck Pulling,"Upper Neck Pulling may be caused by irritation, inflammation, fatigue, or shifting internal pressure. It often needs closer observation.",Moderate,"Stay indoors, rest, and avoid triggers. If symptoms worsen, consult a doctor."
Shoulder Tension Deep,"Common reasons for shoulder tension deep include nerve sensitivity, muscle tension, or internal disturbances.",Moderate,"Consult a doctor if symptoms remain for long. If symptoms worsen, consult a doctor."
Arm Joint Vibration,"People may feel arm joint vibration due to stress, organ responses, or sudden changes in body function.",Mild,Avoid stressful activities and let your body relax. Go to a doctor if it does not reduce in 1-2 days.
Leg Joint Vibration,"Leg Joint Vibration can appear during infections, climate shifts, or temporary imbalances in the body.",Mild,Avoid stressful activities and let your body relax. Go to a doctor if it does not reduce in 1-2 days.
Heart Skip Feeling,"Heart Skip Feeling may be caused by irritation, inflammation, fatigue, or shifting internal pressure. It often needs closer observation.",Severe,Avoid all exertion and call emergency support. Consult a doctor immediately.
Breathing Skip Feeling,"Breathing Skip Feeling may be caused by irritation, inflammation, fatigue, or shifting internal pressure. It often needs closer observation.",Moderate,"Consult a doctor if symptoms remain for long. If symptoms worsen, consult a doctor."
Inner Chest Heat,"People may feel inner chest heat due to stress, organ responses, or sudden changes in body function.",Mild,Monitor your condition and stay hydrated. Go to a doctor if it does not reduce in 1-2 days.
Inner Chest Cold,"Inner Chest Cold may be caused by irritation, inflammation, fatigue, or shifting internal pressure. It often needs closer observation.",Mild,"Rest well, drink enough fluids, and avoid physical strain. Go to a doctor if it does not reduce in 1-2 days."
Full Body Warmth,"Full Body Warmth can appear during infections, climate shifts, or temporary imbalances in the body.",Moderate,"Reduce physical activity and observe symptom patterns. If symptoms worsen, consult a doctor."
Full Body Cold,"Full Body Cold may be caused by irritation, inflammation, fatigue, or shifting internal pressure. It often needs closer observation.",Mild,Monitor your condition and stay hydrated. Go to a doctor if it does not reduce in 1-2 days.
Sudden Light Sensitivity,"Sudden Light Sensitivity may be caused by irritation, inflammation, fatigue, or shifting internal pressure. It often needs closer observation.",Mild,Monitor your condition and stay hydrated. Go to a doctor if it does not reduce in 1-2 days.
Sudden Sound Sensitivity,"Common reasons for sudden sound sensitivity include nerve sensitivity, muscle tension, or internal disturbances.",Moderate,"Reduce physical activity and observe symptom patterns. If symptoms worsen, consult a doctor."
Brain Pressure,"Brain Pressure can appear during infections, climate shifts, or temporary imbalances in the body.",Mild,Avoid stressful activities and let your body relax. Go to a doctor if it does not reduce in 1-2 days.
Brain Fog Waves,"Common reasons for brain fog waves include nerve sensitivity, muscle tension, or internal disturbances.",Mild,Avoid stressful activities and let your body relax. Go to a doctor if it does not reduce in 1-2 days.
Mental Dullness,"Mental Dullness may be caused by irritation, inflammation, fatigue, or shifting internal pressure. It often needs closer observation.",Moderate,"Reduce physical activity and observe symptom patterns. If symptoms worsen, consult a doctor."
Nerve Shock Feeling,"Common reasons for nerve shock feeling include nerve sensitivity, muscle tension, or internal disturbances.",Mild,Avoid stressful activities and let your body relax. Go to a doctor if it does not reduce in 1-2 days.
Nerve Pulling,"Common reasons for nerve pulling include nerve sensitivity, muscle tension, or internal disturbances.",Mild,Avoid stressful activities and let your body relax. Go to a doctor if it does not reduce in 1-2 days.
Nerve Burning,"Common reasons for nerve burning include nerve sensitivity, muscle tension, or internal disturbances.",Moderate,"Stay indoors, rest, and avoid triggers. If symptoms worsen, consult a doctor."
Throat Tightening Sudden,"Throat Tightening Sudden may be caused by irritation, inflammation, fatigue, or shifting internal pressure. It often needs closer observation.",Moderate,"Reduce physical activity and observe symptom patterns. If symptoms worsen, consult a doctor."
Sudden Air Hunger,"Sudden Air Hunger can appear during infections, climate shifts, or temporary imbalances in the body.",Severe,Avoid all exertion and call emergency support. Consult a doctor immediately.
Shallow Breathing Episodes,"Shallow Breathing Episodes can appear during infections, climate shifts, or temporary imbalances in the body.",Mild,"Rest well, drink enough fluids, and avoid physical strain. Go to a doctor if it does not reduce in 1-2 days."
Heat Triggers,"People may feel heat triggers due to stress, organ responses, or sudden changes in body function.",Moderate,"Reduce physical activity and observe symptom patterns. If symptoms worsen, consult a doctor."
Cold Triggers,"Common reasons for cold triggers include nerve sensitivity, muscle tension, or internal disturbances.",Moderate,"Reduce physical activity and observe symptom patterns. If symptoms worsen, consult a doctor."
Sharp Organ Pain,"People may feel sharp organ pain due to stress, organ responses, or sudden changes in body function.",Moderate,"Consult a doctor if symptoms remain for long. If symptoms worsen, consult a doctor."
Undefined Body Pain,"People may feel undefined body pain due to stress, organ responses, or sudden changes in body function.",Mild,"Rest well, drink enough fluids, and avoid physical strain. Go to a doctor if it does not reduce in 1-2 days."
Localized Pressure,"Localized Pressure may be caused by irritation, inflammation, fatigue, or shifting internal pressure. It often needs closer observation.",Moderate,"Consult a doctor if symptoms remain for long. If symptoms worsen, consult a doctor."
Diffuse Pressure,"People may feel diffuse pressure due to stress, organ responses, or sudden changes in body function.",Moderate,"Stay indoors, rest, and avoid triggers. If symptoms worsen, consult a doctor."
